StudyHours,Pass
1.5067980128644738,1
1.1895773785772161,1
-1.0309670614335873,0
-0.7137464271463297,0
0.8723567442899586,1
-1.348187695720845,0
-0.07930515857181442,1
-0.3965257928590721,0
